,#chr,start,end,name,score,strand,upstream,protospacer,PAM,downstream,CRISTA_prediction
0,1,229526032,229526052,1,0.7613154609999999,+,CAGCCACTCTCTG,GATTTCCTCAGCGGTCACAG,AGG,AAGGGTCATCAGCACCATAAGCAA,0.9431921165123325
1,1,229530240,229530260,2,0.797562562,+,AGTGAAAGCACTG,TTGATTTGCCAGAACCACTT,GGG,CCAACCAGTGCCGTGACAGATCCT,0.9012296739422676
2,1,229542233,229542253,3,0.37363148399999996,+,AGGAAGGGGCCTT,TACCTGAGTGGCTTGTGCCA,GGG,AATCCTGAGTGACTTTGGTCAGTT,0.9278271315893387
3,1,94475201,94475221,4,0.9464782209999999,-,TACTCCTCATAGA,GGTATTTAGTGAGCCTTACT,CGG,AAGCACAGTTTAAGCTCATTTAAC,0.8667045421729066
4,1,94473754,94473774,5,0.362486197,+,TGCATTGCATGTG,GTGGTTTGCAGTGGTATCAT,TGG,TCGTAGCAGGAAAGATTTCAAGAG,0.8881145617895727
5,1,94473827,94473847,6,0.472252293,-,AAGATTTTTAATG,AATTAAACTTACAAGAGGCA,TGG,CAGCGATGAAGTTGAGTAAGTATC,0.8986737072604011
6,1,226152465,226152485,7,0.6174631429999999,+,TTCCCAAAAGAGA,TATGATCCTTCTTCATGGGT,GGG,TACTCGAACAGTGACCACTTCTCC,0.8579492717197406
7,1,226159285,226159305,8,0.7269715290000001,-,CAGTTCCAGCAGT,ATGCAGCCCAACAGTATCCA,GGG,AACTACGAACAGCAGCAAATTCTC,0.9422697695011553
8,1,226152588,226152608,9,0.920059038,+,AGGTCGTGTCCAC,ATGGATGGAGCTGCTATTAC,TGG,AAGAGATTCTAAAGGCAATAGGTA,0.9144254350690578
9,10,27208305,27208325,10,0.246647515,+,TCTGCATGTCCTC,CTGCAGTCTCATCAGCACGA,GGG,CGATCTGCTCATTGAGGCTGCCTC,0.9292280957781831
