#chr,start,end,name,score,strand,upstream,protospacer,PAM,downstream
1,229526032,229526052,1,0.761315461,+,CAGCCACTCTCTG,GATTTCCTCAGCGGTCACAG,AGG,AAGGGTCATCAGCACCATAAGCAA
1,229530240,229530260,2,0.797562562,+,AGTGAAAGCACTG,TTGATTTGCCAGAACCACTT,GGG,CCAACCAGTGCCGTGACAGATCCT
1,229542233,229542253,3,0.373631484,+,AGGAAGGGGCCTT,TACCTGAGTGGCTTGTGCCA,GGG,AATCCTGAGTGACTTTGGTCAGTT
1,94475201,94475221,4,0.946478221,-,TACTCCTCATAGA,GGTATTTAGTGAGCCTTACT,CGG,AAGCACAGTTTAAGCTCATTTAAC
1,94473754,94473774,5,0.362486197,+,TGCATTGCATGTG,GTGGTTTGCAGTGGTATCAT,TGG,TCGTAGCAGGAAAGATTTCAAGAG
1,94473827,94473847,6,0.472252293,-,AAGATTTTTAATG,AATTAAACTTACAAGAGGCA,TGG,CAGCGATGAAGTTGAGTAAGTATC
1,226152465,226152485,7,0.617463143,+,TTCCCAAAAGAGA,TATGATCCTTCTTCATGGGT,GGG,TACTCGAACAGTGACCACTTCTCC
1,226159285,226159305,8,0.726971529,-,CAGTTCCAGCAGT,ATGCAGCCCAACAGTATCCA,GGG,AACTACGAACAGCAGCAAATTCTC
1,226152588,226152608,9,0.920059038,+,AGGTCGTGTCCAC,ATGGATGGAGCTGCTATTAC,TGG,AAGAGATTCTAAAGGCAATAGGTA
10,27208305,27208325,10,0.246647515,+,TCTGCATGTCCTC,CTGCAGTCTCATCAGCACGA,GGG,CGATCTGCTCATTGAGGCTGCCTC